{"cameraMode":{"drawMode":0,"name":"Shaded","section":"Shading Mode"},"sceneLighting":false,"audioPlay":false,"sceneViewState":{"m_AlwaysRefresh":false,"showFog":true,"showSkybox":false,"showFlares":true,"showImageEffects":true,"showParticleSystems":true,"showVisualEffectGraphs":true,"m_FxEnabled":true},"in2DMode":false,"pivot":{"x":0.00052642822265625,"y":1.9310431480407715,"z":0.6547549962997437},"rotation":{"x":0.12402301281690598,"y":0.5904170870780945,"z":-0.09259902685880661,"w":0.7921519875526428},"size":5.564629077911377,"orthographic":false}